{
    "1": 462782355346.0324,
    "10": 905531933.2067155,
    "11": 7321886898.6325,
    "12": 13448510891.75102,
    "13": 537570380.5713667,
    "14": 15549096.919340627,
    "15": 2324567881.686389,
    "16": 313598924.61491275,
    "17": 20770532.444422178,
    "18": 155507969.71472988,
    "19": 1100609.9607925666,
    "2": 265963306552.4369,
    "20": 5548438.891133971,
    "21": 176353.1066769842,
    "22": 340739369.71609247,
    "23": 426328807.0675911,
    "24": 669725241.9277413,
    "25": 3106570535.9088497,
    "26": 1642722804.7964463,
    "27": 1204972918.7108648,
    "28": 1248722363.9827209,
    "29": 4057430692.2239,
    "3": 6982453442.3258,
    "30": 8099161189.84062,
    "31": 9769680508.794754,
    "32": 4678973182.283277,
    "33": 555830926.8955221,
    "34": 1720652646.2653394,
    "35": 3707511979.538229,
    "36": 382534784.9562226,
    "37": 3525854745.5916734,
    "38": 358248875.8258638,
    "39": 237500915.92179132,
    "4": 3646686687.280145,
    "40": 589213022.5883387,
    "41": 156513296.66260657,
    "42": 29804380.4204817,
    "43": 4881212.12932502,
    "44": 385652333.35566205,
    "45": 119113323.68967915,
    "46": 10175986.849701552,
    "47": 4016995.8377638394,
    "48": 65351384.38589642,
    "49": 18816300.000831265,
    "5": 8750486296.87301,
    "50": 52570367.23422509,
    "51": 11919838.693197114,
    "52": 24830370.591679964,
    "53": 130985624.62495184,
    "54": 13106667.786072738,
    "55": 2212244.675683616,
    "56": 1327152085.2090611,
    "57": 3209367670.203788,
    "58": 459694319.86935145,
    "59": 150455674.62349477,
    "6": 6809695645.599158,
    "60": 10312254.796881232,
    "61": 882321243.527695,
    "62": 753767210.9224758,
    "63": 12615323108.059258,
    "64": 2299460124.2725525,
    "65": 930086239.8178866,
    "66": 1673123485.142086,
    "67": 13254320390.967276,
    "68": 12049313717.372705,
    "69": 5748034166.029188,
    "7": 9977280862.949135,
    "70": 564899682.8286997,
    "71": 3533462447.8220544,
    "72": 4657139081.673943,
    "73": 630569019.8863605,
    "74": 3517278856.65612,
    "75": 46365610.15737073,
    "76": 1232228829.8080049,
    "77": 795999328.6664989,
    "78": 2662502070.3831987,
    "79": 2125277285.8287885,
    "8": 48469309992.71471,
    "80": 1601361911.8327453,
    "81": 261926468.12195483,
    "82": 116463222.38944016,
    "83": 817624804.9039114,
    "84": 709742069.6961372,
    "85": 673414019.3798506,
    "86": 281306372.93537706,
    "87": 118906359.45239814,
    "88": 5685750589.134722,
    "89": 124809823.79143776,
    "9": 1175895148.93026,
    "90": 1802105985.2358449
}