{
    "placements": [
        {
            "x": 1735.3330907118952,
            "y": 1172.0065446870412
        },
        {
            "x": 1745.3394259984436,
            "y": 1172.0090037046207
        }
    ]
}